Date,premium
2022-01-03,9750.0
2022-01-05,10375.0
2022-01-07,13375.0
2022-01-10,15125.0
2022-01-12,12750.0
2022-01-14,17375.0
2022-01-19,18875.0
2022-01-21,22375.0
2022-01-24,31625.0
2022-01-26,37625.0
2022-01-28,27875.0
2022-01-31,23500.0
2022-02-02,16375.0
2022-02-04,21750.0
2022-02-07,18625.0
2022-02-09,15125.0
2022-02-11,20250.0
2022-02-14,26750.0
2022-02-16,19500.0
2022-02-18,21125.0
2022-02-23,21625.0
2022-02-25,24750.0
2022-02-28,29750.0
2022-03-02,24875.0
2022-03-04,24625.0
2022-03-07,23375.0
2022-03-09,24750.0
2022-03-11,21625.0
2022-03-14,24250.0
2022-03-16,25750.0
2022-03-21,16125.0
2022-03-23,16000.0
2022-03-25,14375.0
2022-03-28,14250.0
2022-03-30,13125.0
2022-03-31,14250.0
2022-04-01,14125.0
2022-04-04,11750.0
2022-04-06,18000.0
2022-04-08,15250.0
2022-04-11,14875.0
2022-04-13,15625.0
2022-04-18,15750.0
2022-04-20,14875.0
2022-04-22,17125.0
2022-04-25,22625.0
2022-04-26,21500.0
2022-04-27,25250.0
2022-04-28,23250.0
2022-04-29,25250.0
2022-05-02,27500.0
2022-05-03,23000.0
2022-05-04,32625.0
2022-05-05,20625.0
2022-05-06,30625.0
2022-05-09,30625.0
2022-05-10,28750.0
2022-05-11,32500.0
2022-05-12,27875.0
2022-05-13,27500.0
2022-05-16,24000.0
2022-05-17,19875.0
2022-05-18,21875.0
2022-05-19,24500.0
2022-05-20,24500.0
2022-05-23,24500.0
2022-05-24,21625.0
2022-05-25,24750.0
2022-05-26,21750.0
2022-05-27,17125.0
2022-05-31,23500.0
2022-06-01,19250.0
2022-06-02,20375.0
2022-06-03,22125.0
2022-06-06,17000.0
2022-06-07,19500.0
2022-06-08,18000.0
2022-06-09,19625.0
2022-06-10,25375.0
2022-06-13,30250.0
2022-06-14,27625.0
2022-06-15,38750.0
2022-06-16,27875.0
2022-06-21,21500.0
2022-06-22,21625.0
2022-06-23,19875.0
2022-06-24,18125.0
2022-06-27,19125.0
2022-06-28,17875.0
2022-06-29,20000.0
2022-06-30,23250.0
2022-07-01,18250.0
2022-07-05,20125.0
2022-07-06,19875.0
2022-07-07,16875.0
2022-07-08,16375.0
2022-07-11,17500.0
2022-07-12,16125.0
2022-07-13,21875.0
2022-07-14,20250.0
2022-07-15,17750.0
2022-07-18,15875.0
2022-07-19,16125.0
2022-07-20,17250.0
2022-07-21,17750.0
2022-07-22,14625.0
2022-07-25,15000.0
2022-07-26,15125.0
2022-07-27,25625.0
2022-07-28,16375.0
2022-07-29,15625.0
2022-08-01,15875.0
2022-08-02,17000.0
2022-08-03,15500.0
2022-08-04,15375.0
2022-08-05,16375.0
2022-08-08,14500.0
2022-08-09,14250.0
2022-08-10,16750.0
2022-08-11,14000.0
2022-08-12,12500.0
2022-08-15,12500.0
2022-08-16,12375.0
2022-08-17,14500.0
2022-08-18,13125.0
2022-08-19,14000.0
2022-08-22,14375.0
2022-08-23,15250.0
2022-08-24,13375.0
2022-08-25,13250.0
2022-08-26,23875.0
2022-08-29,17625.0
2022-08-30,15875.0
2022-08-31,17250.0
2022-09-01,17625.0
2022-09-02,16625.0
2022-09-06,17125.0
2022-09-07,17250.0
2022-09-08,18250.0
2022-09-09,15625.0
2022-09-12,17125.0
2022-09-13,21250.0
2022-09-14,20000.0
2022-09-15,20375.0
2022-09-19,19875.0
2022-09-20,18375.0
2022-09-21,35625.0
2022-09-22,22375.0
2022-09-23,21625.0
2022-09-26,23625.0
2022-09-27,21500.0
2022-09-28,24125.0
2022-09-29,22750.0
2022-09-30,25875.0
2022-10-03,21000.0
2022-10-04,17875.0
2022-10-05,19750.0
2022-10-06,18000.0
2022-10-07,21000.0
2022-10-10,19250.0
2022-10-11,18250.0
2022-10-12,22250.0
2022-10-13,22375.0
2022-10-14,25375.0
2022-10-17,20125.0
2022-10-18,19375.0
2022-10-19,21000.0
2022-10-20,19750.0
2022-10-21,21750.0
2022-10-24,20125.0
2022-10-25,18625.0
2022-10-26,18625.0
2022-10-27,18750.0
2022-10-28,18500.0
2022-10-31,20500.0
2022-11-01,16375.0
2022-11-02,31125.0
2022-11-03,19375.0
2022-11-04,19625.0
2022-11-07,17375.0
2022-11-08,14875.0
2022-11-09,21000.0
2022-11-10,21125.0
2022-11-11,19750.0
2022-11-14,17000.0
2022-11-15,17375.0
2022-11-16,17250.0
2022-11-17,18500.0
2022-11-18,15500.0
2022-11-21,14875.0
2022-11-22,13500.0
2022-11-23,13875.0
2022-11-25,7750.0
2022-11-28,12875.0
2022-11-29,11875.0
2022-11-30,22625.0
2022-12-01,14750.0
2022-12-02,18500.0
2022-12-05,13000.0
2022-12-06,12625.0
2022-12-07,15875.0
2022-12-08,13875.0
2022-12-09,16250.0
2022-12-12,19975.0
2022-12-13,25125.0
2022-12-14,36000.0
2022-12-15,23500.0
2022-12-19,14625.0
2022-12-20,14750.0
2022-12-21,13375.0
2022-12-22,12625.0
2022-12-23,16750.0
2022-12-27,14250.0
2022-12-28,13125.0
2022-12-29,13625.0
2022-12-30,15000.0
2023-01-03,16500.0
2023-01-04,18250.0
2023-01-05,16250.0
2023-01-06,19250.0
2023-01-09,13500.0
2023-01-10,15625.0
2023-01-11,13125.0
2023-01-12,21375.0
2023-01-13,15125.0
2023-01-17,12500.0
2023-01-18,12000.0
2023-01-19,14375.0
2023-01-20,13750.0
2023-01-23,12250.0
2023-01-24,14500.0
2023-01-25,14875.0
2023-01-26,14625.0
2023-01-27,14375.0
2023-01-30,14125.0
2023-01-31,14250.0
2023-02-01,26500.0
2023-02-02,13750.0
2023-02-03,17000.0
2023-02-06,14375.0
2023-02-07,19625.0
2023-02-08,14750.0
2023-02-09,14625.0
2023-02-10,16500.0
2023-02-13,15125.0
2023-02-14,21125.0
2023-02-15,14750.0
2023-02-16,15625.0
2023-02-17,17250.0
2023-02-21,15125.0
2023-02-22,16500.0
2023-02-23,13375.0
2023-02-24,15875.0
2023-02-27,13500.0
2023-02-28,13125.0
2023-03-01,14125.0
2023-03-02,13625.0
2023-03-03,13750.0
2023-03-06,12000.0
2023-03-07,17750.0
2023-03-08,14000.0
2023-03-09,12000.0
2023-03-10,19625.0
2023-03-13,29625.0
2023-03-14,24625.0
2023-03-15,27250.0
2023-03-16,23750.0
2023-03-17,17125.0
2023-03-20,21500.0
2023-03-21,13875.0
2023-03-22,28500.0
2023-03-23,16750.0
2023-03-24,21000.0
2023-03-27,14375.0
2023-03-28,14250.0
2023-03-29,11875.0
2023-03-30,11250.0
2023-03-31,10000.0
2023-04-03,11625.0
2023-04-04,10125.0
2023-04-05,11250.0
2023-04-06,11375.0
2023-04-10,11500.0
2023-04-11,10125.0
2023-04-12,13625.0
2023-04-13,10375.0
2023-04-14,10125.0
2023-04-17,9500.0
2023-04-18,9500.0
2023-04-19,10000.0
2023-04-20,10125.0
2023-04-21,10625.0
2023-04-24,8875.0
2023-04-25,8875.0
2023-04-26,11375.0
2023-04-27,9750.0
2023-04-28,10375.0
2023-05-01,9000.0
2023-05-02,8625.0
2023-05-03,20000.0
2023-05-04,15250.0
2023-05-05,12750.0
2023-05-08,9625.0
2023-05-09,9500.0
2023-05-10,11500.0
2023-05-11,11750.0
2023-05-12,9500.0
2023-05-15,9500.0
2023-05-16,9125.0
2023-05-17,8875.0
2023-05-18,9750.0
2023-05-19,10250.0
2023-05-22,9750.0
2023-05-23,10875.0
2023-05-24,12625.0
2023-05-25,15375.0
2023-05-26,12875.0
2023-05-30,10875.0
2023-05-31,11250.0
2023-06-01,10000.0
2023-06-02,10250.0
2023-06-05,9250.0
2023-06-06,9250.0
2023-06-07,8625.0
2023-06-08,8750.0
2023-06-09,9250.0
2023-06-12,20925.0
2023-06-13,24550.0
2023-06-14,24200.0
2023-06-15,23675.0
2023-06-16,11250.0
2023-06-20,9500.0
2023-06-21,10250.0
2023-06-22,10000.0
2023-06-23,9875.0
2023-06-26,9375.0
2023-06-27,9125.0
2023-06-28,8875.0
2023-06-29,9375.0
2023-06-30,9625.0
2023-07-03,7125.0
2023-07-05,9000.0
2023-07-06,10375.0
2023-07-07,10500.0
2023-07-10,9125.0
2023-07-11,8625.0
2023-07-12,11500.0
2023-07-13,9375.0
2023-07-14,9750.0
2023-07-17,8250.0
2023-07-18,8500.0
2023-07-19,9000.0
2023-07-20,9500.0
2023-07-21,9875.0
2023-07-24,8625.0
2023-07-25,8875.0
2023-07-26,15375.0
2023-07-27,9125.0
2023-07-28,9500.0
2023-07-31,9250.0
2023-08-01,9375.0
2023-08-02,11125.0
2023-08-03,11750.0
2023-08-04,11625.0
2023-08-07,10625.0
2023-08-08,11250.0
2023-08-09,10125.0
2023-08-10,13250.0
2023-08-11,13000.0
2023-08-14,11750.0
2023-08-15,11500.0
2023-08-16,11500.0
2023-08-17,11250.0
2023-08-18,12625.0
2023-08-21,11500.0
2023-08-22,10625.0
2023-08-23,11250.0
2023-08-24,11000.0
2023-08-25,16500.0
2023-08-28,10250.0
2023-08-29,10375.0
2023-08-30,10375.0
2023-08-31,10500.0
2023-09-01,10750.0
2023-09-05,9250.0
2023-09-06,9500.0
2023-09-07,10250.0
2023-09-08,10375.0
2023-09-11,26075.0
2023-09-12,23225.0
2023-09-13,27225.0
2023-09-14,24050.0
2023-09-15,9750.0
2023-09-18,9500.0
2023-09-19,9000.0
2023-09-20,14750.0
2023-09-21,12125.0
2023-09-22,11625.0
2023-09-25,13250.0
2023-09-26,13250.0
2023-09-27,12250.0
2023-09-28,15500.0
2023-09-29,13625.0
2023-10-02,13125.0
2023-10-03,14250.0
2023-10-04,14000.0
2023-10-05,13625.0
2023-10-06,17000.0
2023-10-09,13625.0
2023-10-10,11750.0
2023-10-11,12675.0
2023-10-12,12125.0
2023-10-13,12250.0
2023-10-16,12875.0
2023-10-17,13125.0
2023-10-18,12750.0
2023-10-19,15375.0
2023-10-20,15000.0
2023-10-23,14625.0
2023-10-24,13000.0
2023-10-25,13125.0
2023-10-26,15500.0
2023-10-27,15250.0
2023-10-30,13625.0
2023-10-31,13325.0
2023-11-01,17375.0
2023-11-02,11625.0
2023-11-03,12375.0
2023-11-06,10625.0
2023-11-07,9825.0
2023-11-08,9275.0
2023-11-09,9850.0
2023-11-10,9975.0
2023-11-13,10325.0
2023-11-14,11500.0
2023-11-15,11125.0
2023-11-16,9475.0
2023-11-17,9600.0
2023-11-20,8050.0
2023-11-21,7950.0
2023-11-22,8200.0
2023-11-24,5675.0
2023-11-27,7375.0
2023-11-28,7550.0
2023-11-29,8200.0
2023-11-30,9750.0
2023-12-01,11225.0
2023-12-04,9200.0
2023-12-05,9875.0
2023-12-06,8300.0
2023-12-07,8500.0
2023-12-08,11375.0
2023-12-11,26800.0
2023-12-12,25000.0
2023-12-13,26525.0
2023-12-14,29825.0
2023-12-15,10750.0
2023-12-18,7725.0
2023-12-19,7575.0
2023-12-20,8250.0
2023-12-21,10825.0
2023-12-22,10625.0
2023-12-26,8400.0
2023-12-27,7625.0
2023-12-28,8050.0
2023-12-29,9200.0
2024-01-02,10875.0
2024-01-03,11125.0
2024-01-04,9625.0
2024-01-05,10425.0
2024-01-08,8625.0
2024-01-09,9250.0
2024-01-10,8475.0
2024-01-11,10775.0
2024-01-12,10075.0
2024-01-16,10000.0
2024-01-17,10750.0
2024-01-18,10050.0
2024-01-19,10950.0
2024-01-22,8700.0
2024-01-23,9075.0
2024-01-24,8500.0
2024-01-25,10025.0
2024-01-26,11125.0
2024-01-29,8150.0
2024-01-30,9450.0
2024-01-31,14750.0
2024-02-01,12550.0
2024-02-02,13000.0
2024-02-05,10550.0
2024-02-06,9225.0
2024-02-07,9400.0
2024-02-08,9525.0
2024-02-09,9900.0
2024-02-12,8050.0
2024-02-13,13000.0
2024-02-14,10125.0
2024-02-15,10350.0
2024-02-16,12625.0
2024-02-20,10325.0
2024-02-21,11500.0
2024-02-22,14050.0
2024-02-23,9775.0
2024-02-26,9125.0
2024-02-27,9025.0
2024-02-28,9200.0
2024-02-29,12500.0
2024-03-01,9650.0
2024-03-04,7825.0
2024-03-05,9325.0
2024-03-06,12750.0
2024-03-07,11400.0
2024-03-08,11375.0
2024-03-11,36775.0
2024-03-12,33650.0
2024-03-13,30575.0
2024-03-14,32675.0
2024-03-15,14250.0
2024-03-18,9950.0
2024-03-19,12050.0
2024-03-20,19750.0
2024-03-21,9500.0
2024-03-22,9225.0
2024-03-25,7975.0
2024-03-26,7975.0
2024-03-27,7950.0
2024-03-28,9100.0
2024-04-01,7975.0
2024-04-02,10975.0
2024-04-03,10725.0
2024-04-04,8500.0
2024-04-05,17500.0
2024-04-08,11275.0
2024-04-09,9175.0
2024-04-10,18375.0
2024-04-11,15375.0
2024-04-12,16125.0
2024-04-15,15125.0
2024-04-16,19250.0
2024-04-17,16500.0
2024-04-18,14875.0
2024-04-19,18000.0
2024-04-22,13750.0
2024-04-23,12125.0
2024-04-24,11625.0
2024-04-25,14375.0
2024-04-26,14625.0
2024-04-29,9500.0
2024-04-30,10125.0
2024-05-01,21375.0
2024-05-02,13375.0
2024-05-03,15000.0
2024-05-06,9525.0
2024-05-07,8700.0
2024-05-08,10075.0
2024-05-09,9025.0
2024-05-10,8700.0
2024-05-13,7900.0
2024-05-14,10950.0
2024-05-15,11500.0
2024-05-16,8800.0
2024-05-17,8775.0
2024-05-20,7425.0
2024-05-21,7500.0
2024-05-22,7500.0
2024-05-23,10325.0
2024-05-24,9175.0
2024-05-28,7625.0
2024-05-29,10975.0
2024-05-30,9925.0
2024-05-31,12375.0
2024-06-03,9600.0
2024-06-04,12375.0
2024-06-05,11025.0
2024-06-06,9500.0
2024-06-07,12950.0
2024-06-10,10350.0
2024-06-11,9700.0
2024-06-12,18625.0
2024-06-13,11000.0
2024-06-14,10725.0
2024-06-17,32925.0
2024-06-18,35675.0
2024-06-20,43425.0
2024-06-21,13875.0
2024-06-24,10075.0
2024-06-25,9425.0
2024-06-26,10225.0
2024-06-27,9250.0
2024-06-28,12125.0
2024-07-01,10300.0
2024-07-02,10100.0
2024-07-03,6900.0
2024-07-05,9050.0
2024-07-08,7300.0
2024-07-09,9450.0
2024-07-10,8200.0
2024-07-11,12125.0
2024-07-12,11075.0
2024-07-15,12000.0
2024-07-16,11000.0
2024-07-17,14000.0
2024-07-18,13500.0
2024-07-19,17125.0
2024-07-22,14000.0
2024-07-23,12250.0
2024-07-24,13750.0
2024-07-25,17500.0
2024-07-26,19000.0
2024-07-29,15875.0
2024-07-30,14750.0
2024-07-31,22250.0
2024-08-01,17000.0
2024-08-02,26750.0
2024-08-05,55750.0
2024-08-06,31875.0
2024-08-07,22875.0
2024-08-08,27125.0
2024-08-12,16375.0
2024-08-13,16875.0
2024-08-14,17375.0
2024-08-15,13500.0
2024-08-16,15500.0
2024-08-19,11875.0
2024-08-20,10725.0
2024-08-21,14125.0
2024-08-22,12250.0
2024-08-23,21750.0
2024-08-26,11650.0
2024-08-27,13000.0
2024-08-28,11250.0
2024-08-29,16625.0
2024-08-30,14375.0
2024-09-03,13875.0
2024-09-04,18625.0
2024-09-05,18500.0
2024-09-06,20375.0
2024-09-09,18500.0
2024-09-10,15000.0
2024-09-11,18750.0
2024-09-12,16750.0
2024-09-13,16125.0
2024-09-16,31775.0
2024-09-17,35875.0
2024-09-18,35175.0
2024-09-19,35075.0
2024-09-20,16625.0
2024-09-23,13500.0
2024-09-24,11100.0
2024-09-25,9675.0
2024-09-26,11275.0
2024-09-27,10825.0
2024-09-30,14625.0
2024-10-01,14500.0
2024-10-02,16750.0
2024-10-03,16500.0
2024-10-04,17125.0
2024-10-07,13875.0
2024-10-08,14125.0
2024-10-09,12875.0
2024-10-10,15750.0
2024-10-11,12375.0
2024-10-14,10400.0
2024-10-15,10225.0
2024-10-16,12000.0
2024-10-17,11350.0
2024-10-18,12150.0
2024-10-21,9525.0
2024-10-22,12250.0
2024-10-23,11050.0
2024-10-24,12850.0
2024-10-25,11250.0
2024-10-28,12875.0
2024-10-29,11625.0
2024-10-30,12350.0
2024-10-31,15625.0
2024-11-01,16125.0
2024-11-04,15000.0
2024-11-05,14500.0
2024-11-06,20875.0
2024-11-07,18000.0
2024-11-08,10750.0
2024-11-11,10450.0
2024-11-12,10750.0
2024-11-13,12250.0
2024-11-14,11275.0
2024-11-15,13250.0
2024-11-18,13125.0
2024-11-19,16125.0
2024-11-20,13750.0
2024-11-21,16250.0
2024-11-22,14750.0
2024-11-25,10650.0
2024-11-26,11500.0
2024-11-27,10575.0
2024-11-29,8225.0
2024-12-02,9100.0
2024-12-03,9825.0
2024-12-04,9700.0
2024-12-05,7950.0
2024-12-06,10025.0
2024-12-09,8500.0
2024-12-10,8950.0
2024-12-11,9350.0
2024-12-12,7600.0
2024-12-13,8575.0
2024-12-18,37925.0
2024-12-20,23750.0
2024-12-24,9650.0
2024-12-26,11800.0
2024-12-27,12500.0
2024-12-30,18750.0
2024-12-31,20750.0
2025-01-02,18112.5
2025-01-03,15750.0
2025-01-06,15350.0
2025-01-07,26450.0
2025-01-08,18250.0
2025-01-10,21875.0
2025-01-13,16625.0
2025-01-14,15875.0
2025-01-15,19550.0
2025-01-16,14462.5
2025-01-17,12125.0
2025-01-21,11412.5
2025-01-22,11550.0
2025-01-23,8500.0
2025-01-24,8687.5
2025-01-27,18475.0
2025-01-28,16100.0
2025-01-29,16875.0
2025-01-30,14800.0
2025-01-31,14625.0
2025-02-05,12500.0
2025-02-06,11025.0
2025-02-07,16350.0
2025-02-10,12712.5
2025-02-11,12175.0
2025-02-12,19200.0
2025-02-13,13425.0
2025-02-14,10675.0
2025-02-18,11025.0
2025-02-19,8275.0
2025-02-20,15287.5
2025-02-21,18875.0
2025-02-24,22575.0
2025-02-25,32700.0
2025-02-26,19875.0
2025-02-28,24750.0
2025-03-03,29900.0
2025-03-04,53600.0
2025-03-05,44100.0
2025-03-06,28000.0
2025-03-07,35000.0
2025-03-10,45400.0
2025-03-11,47275.0
2025-03-12,44300.0
2025-03-13,31875.0
2025-03-14,32875.0
2025-03-17,29250.0
2025-03-18,40250.0
2025-03-19,34700.0
2025-03-20,18625.0
2025-03-21,19500.0
2025-03-24,19125.0
2025-03-25,10750.0
2025-03-26,14150.0
2025-03-27,19750.0
2025-03-28,32400.0
2025-03-31,28250.0
2025-04-01,20562.5
2025-04-02,33225.0
2025-04-04,52437.5
2025-04-09,65875.0
2025-04-10,50750.0
2025-04-11,57687.5
2025-04-14,30125.0
2025-04-15,24625.0
2025-04-16,24812.5
2025-04-17,28875.0
2025-04-21,35875.0
2025-04-22,28700.0
2025-04-23,34000.0
2025-04-24,38600.0
2025-04-25,25000.0
2025-04-28,18750.0
2025-04-29,19875.0
2025-04-30,30500.0
2025-05-01,20625.0
2025-05-02,18875.0
2025-05-05,15625.0
2025-05-06,19012.5
2025-05-07,24625.0
2025-05-08,21500.0
2025-05-09,19650.0
2025-05-12,20750.0
2025-05-13,23212.5
2025-05-14,14100.0
2025-05-15,12625.0
2025-05-16,12125.0
2025-05-19,20750.0
2025-05-20,12125.0
2025-05-21,13750.0
2025-05-22,17250.0
2025-05-23,20250.0
2025-05-27,13100.0
2025-05-28,12900.0
2025-05-29,20050.0
2025-05-30,20625.0
2025-06-02,13625.0
2025-06-03,11625.0
2025-06-04,11412.5
2025-06-05,16000.0
2025-06-06,13350.0
2025-06-09,10400.0
2025-06-10,10850.0
2025-06-11,11850.0
2025-06-12,16500.0
2025-06-13,18325.0
