Date,price
2022-01-03,925.0
2022-01-05,987.5
2022-01-07,1312.5
2022-01-10,1462.5
2022-01-12,1225.0
2022-01-14,1712.5
2022-01-19,1687.5
2022-01-21,2212.5
2022-01-24,3037.5
2022-01-26,3675.0
2022-01-28,2750.0
2022-01-31,2237.5
2022-02-02,1575.0
2022-02-04,2150.0
2022-02-07,1800.0
2022-02-09,1462.5
2022-02-11,2000.0
2022-02-14,2612.5
2022-02-16,1875.0
2022-02-18,2087.5
2022-02-23,2100.0
2022-02-25,2425.0
2022-02-28,2875.0
2022-03-02,2425.0
2022-03-04,2412.5
2022-03-07,2212.5
2022-03-09,2375.0
2022-03-11,2112.5
2022-03-14,2350.0
2022-03-16,2512.5
2022-03-21,1550.0
2022-03-23,1550.0
2022-03-25,1412.5
2022-03-28,1375.0
2022-03-30,1262.5
2022-03-31,1375.0
2022-04-01,1387.5
2022-04-04,1125.0
2022-04-06,1500.0
2022-04-08,1500.0
2022-04-11,1437.5
2022-04-13,1512.5
2022-04-18,1525.0
2022-04-20,1412.5
2022-04-22,1687.5
2022-04-25,2212.5
2022-04-26,2062.5
2022-04-27,2475.0
2022-04-28,2137.5
2022-04-29,2500.0
2022-05-02,2687.5
2022-05-03,2125.0
2022-05-04,3212.5
2022-05-05,2012.5
2022-05-06,3037.5
2022-05-09,2825.0
2022-05-10,2750.0
2022-05-11,3100.0
2022-05-12,2700.0
2022-05-13,2725.0
2022-05-16,2337.5
2022-05-17,1925.0
2022-05-18,2137.5
2022-05-19,2375.0
2022-05-20,2425.0
2022-05-23,2287.5
2022-05-24,2112.5
2022-05-25,2400.0
2022-05-26,2100.0
2022-05-27,1687.5
2022-05-31,2275.0
2022-06-01,1875.0
2022-06-02,1925.0
2022-06-03,2187.5
2022-06-06,1625.0
2022-06-07,1900.0
2022-06-08,1750.0
2022-06-09,1800.0
2022-06-10,2512.5
2022-06-13,2950.0
2022-06-14,2625.0
2022-06-15,3812.5
2022-06-16,2575.0
2022-06-21,2050.0
2022-06-22,2025.0
2022-06-23,1912.5
2022-06-24,1787.5
2022-06-27,1837.5
2022-06-28,1725.0
2022-06-29,1950.0
2022-06-30,2262.5
2022-07-01,1800.0
2022-07-05,1862.5
2022-07-06,1937.5
2022-07-07,1612.5
2022-07-08,1612.5
2022-07-11,1587.5
2022-07-12,1500.0
2022-07-13,2100.0
2022-07-14,1950.0
2022-07-15,1737.5
2022-07-18,1525.0
2022-07-19,1487.5
2022-07-20,1675.0
2022-07-21,1700.0
2022-07-22,1437.5
2022-07-25,1400.0
2022-07-26,1450.0
2022-07-27,2462.5
2022-07-28,1537.5
2022-07-29,1537.5
2022-08-01,1537.5
2022-08-02,1662.5
2022-08-03,1500.0
2022-08-04,1475.0
2022-08-05,1612.5
2022-08-08,1387.5
2022-08-09,1375.0
2022-08-10,1612.5
2022-08-11,1350.0
2022-08-12,1225.0
2022-08-15,1200.0
2022-08-16,1187.5
2022-08-17,1387.5
2022-08-18,1262.5
2022-08-19,1375.0
2022-08-22,1400.0
2022-08-23,1462.5
2022-08-24,1300.0
2022-08-25,1275.0
2022-08-26,2362.5
2022-08-29,1712.5
2022-08-30,1537.5
2022-08-31,1675.0
2022-09-01,1712.5
2022-09-02,1637.5
2022-09-06,1662.5
2022-09-07,1675.0
2022-09-08,1775.0
2022-09-09,1537.5
2022-09-12,1625.0
2022-09-13,2025.0
2022-09-14,1912.5
2022-09-15,1937.5
2022-09-19,1925.0
2022-09-20,1787.5
2022-09-21,3512.5
2022-09-22,2175.0
2022-09-23,2137.5
2022-09-26,2275.0
2022-09-27,2100.0
2022-09-28,2362.5
2022-09-29,2225.0
2022-09-30,2550.0
2022-10-03,2050.0
2022-10-04,1737.5
2022-10-05,1925.0
2022-10-06,1750.0
2022-10-07,2062.5
2022-10-10,1875.0
2022-10-11,1775.0
2022-10-12,2162.5
2022-10-13,2162.5
2022-10-14,2512.5
2022-10-17,1962.5
2022-10-18,1887.5
2022-10-19,2037.5
2022-10-20,1925.0
2022-10-21,2150.0
2022-10-24,1950.0
2022-10-25,1812.5
2022-10-26,1812.5
2022-10-27,1837.5
2022-10-28,1825.0
2022-10-31,1887.5
2022-11-01,1575.0
2022-11-02,3062.5
2022-11-03,1875.0
2022-11-04,1937.5
2022-11-07,1687.5
2022-11-08,1437.5
2022-11-09,2037.5
2022-11-10,2050.0
2022-11-11,1950.0
2022-11-14,1650.0
2022-11-15,1675.0
2022-11-16,1662.5
2022-11-17,1800.0
2022-11-18,1525.0
2022-11-21,1425.0
2022-11-22,1300.0
2022-11-23,1337.5
2022-11-25,750.0
2022-11-28,1225.0
2022-11-29,1137.5
2022-11-30,2225.0
2022-12-01,1425.0
2022-12-02,1825.0
2022-12-05,1237.5
2022-12-06,1212.5
2022-12-07,1537.5
2022-12-08,1337.5
2022-12-09,1600.0
2022-12-12,1927.4999999999998
2022-12-13,2387.5
2022-12-14,3525.0
2022-12-15,2267.5
2022-12-19,1412.5
2022-12-20,1425.0
2022-12-21,1287.5
2022-12-22,1225.0
2022-12-23,1650.0
2022-12-27,1375.0
2022-12-28,1262.5
2022-12-29,1312.5
2022-12-30,1475.0
2023-01-03,1587.5
2023-01-04,1775.0
2023-01-05,1575.0
2023-01-06,1900.0
2023-01-09,1287.5
2023-01-10,1500.0
2023-01-11,1262.5
2023-01-12,2025.0
2023-01-13,1487.5
2023-01-17,1200.0
2023-01-18,1150.0
2023-01-19,1387.5
2023-01-20,1350.0
2023-01-23,1175.0
2023-01-24,1387.5
2023-01-25,1437.5
2023-01-26,1412.5
2023-01-27,1412.5
2023-01-30,1362.5
2023-01-31,1375.0
2023-02-01,2600.0
2023-02-02,1325.0
2023-02-03,1675.0
2023-02-06,1362.5
2023-02-07,1900.0
2023-02-08,1437.5
2023-02-09,1425.0
2023-02-10,1625.0
2023-02-13,1450.0
2023-02-14,2062.5
2023-02-15,1437.5
2023-02-16,1500.0
2023-02-17,1700.0
2023-02-21,1462.5
2023-02-22,1612.5
2023-02-23,1300.0
2023-02-24,1562.5
2023-02-27,1312.5
2023-02-28,1275.0
2023-03-01,1362.5
2023-03-02,1312.5
2023-03-03,1350.0
2023-03-06,1150.0
2023-03-07,1725.0
2023-03-08,1362.5
2023-03-09,1162.5
2023-03-10,1937.5
2023-03-13,2800.0
2023-03-14,2362.5
2023-03-15,2637.5
2023-03-16,2300.0
2023-03-17,1675.0
2023-03-20,2075.0
2023-03-21,1337.5
2023-03-22,2775.0
2023-03-23,1612.5
2023-03-24,2075.0
2023-03-27,1387.5
2023-03-28,1375.0
2023-03-29,1137.5
2023-03-30,1075.0
2023-03-31,975.0
2023-04-03,1112.5
2023-04-04,962.5
2023-04-05,1100.0
2023-04-06,1087.5
2023-04-10,1100.0
2023-04-11,962.5
2023-04-12,1312.5
2023-04-13,987.5
2023-04-14,987.5
2023-04-17,900.0
2023-04-18,900.0
2023-04-19,950.0
2023-04-20,962.5
2023-04-21,1037.5
2023-04-24,837.5
2023-04-25,837.5
2023-04-26,1087.5
2023-04-27,887.5
2023-04-28,1012.5
2023-05-01,862.5
2023-05-02,812.5
2023-05-03,1950.0
2023-05-04,1475.0
2023-05-05,1250.0
2023-05-08,912.5
2023-05-09,887.5
2023-05-10,1100.0
2023-05-11,1137.5
2023-05-12,925.0
2023-05-15,912.5
2023-05-16,862.5
2023-05-17,825.0
2023-05-18,925.0
2023-05-19,1000.0
2023-05-22,937.5
2023-05-23,1050.0
2023-05-24,1212.5
2023-05-25,1475.0
2023-05-26,1262.5
2023-05-30,1037.5
2023-05-31,1087.5
2023-06-01,950.0
2023-06-02,1000.0
2023-06-05,875.0
2023-06-06,875.0
2023-06-07,812.5
2023-06-08,825.0
2023-06-09,900.0
2023-06-12,2037.5
2023-06-13,2397.5
2023-06-14,2375.0
2023-06-15,2315.0
2023-06-16,1100.0
2023-06-20,900.0
2023-06-21,975.0
2023-06-22,950.0
2023-06-23,962.5
2023-06-26,912.5
2023-06-27,862.5
2023-06-28,825.0
2023-06-29,900.0
2023-06-30,937.5
2023-07-03,662.5
2023-07-05,850.0
2023-07-06,1000.0
2023-07-07,1025.0
2023-07-10,862.5
2023-07-11,812.5
2023-07-12,1112.5
2023-07-13,875.0
2023-07-14,950.0
2023-07-17,787.5
2023-07-18,812.5
2023-07-19,862.5
2023-07-20,900.0
2023-07-21,962.5
2023-07-24,812.5
2023-07-25,850.0
2023-07-26,1487.5
2023-07-27,862.5
2023-07-28,925.0
2023-07-31,887.5
2023-08-01,887.5
2023-08-02,1062.5
2023-08-03,1125.0
2023-08-04,1137.5
2023-08-07,1000.0
2023-08-08,1075.0
2023-08-09,975.0
2023-08-10,1275.0
2023-08-11,1275.0
2023-08-14,1112.5
2023-08-15,1062.5
2023-08-16,1125.0
2023-08-17,1062.5
2023-08-18,1237.5
2023-08-21,1100.0
2023-08-22,1025.0
2023-08-23,1075.0
2023-08-24,1062.5
2023-08-25,1625.0
2023-08-28,975.0
2023-08-29,1000.0
2023-08-30,1000.0
2023-08-31,1012.5
2023-09-01,1050.0
2023-09-05,875.0
2023-09-06,900.0
2023-09-07,975.0
2023-09-08,1012.5
2023-09-11,2565.0
2023-09-12,2280.0
2023-09-13,2670.0
2023-09-14,2315.0
2023-09-15,950.0
2023-09-18,912.5
2023-09-19,875.0
2023-09-20,1425.0
2023-09-21,1175.0
2023-09-22,1137.5
2023-09-25,1287.5
2023-09-26,1287.5
2023-09-27,1150.0
2023-09-28,1500.0
2023-09-29,1337.5
2023-10-02,1262.5
2023-10-03,1375.0
2023-10-04,1362.5
2023-10-05,1325.0
2023-10-06,1675.0
2023-10-09,1312.5
2023-10-10,1137.5
2023-10-11,1230.0
2023-10-12,1185.0
2023-10-13,1200.0
2023-10-16,1250.0
2023-10-17,1275.0
2023-10-18,1225.0
2023-10-19,1500.0
2023-10-20,1475.0
2023-10-23,1400.0
2023-10-24,1250.0
2023-10-25,1275.0
2023-10-26,1500.0
2023-10-27,1500.0
2023-10-30,1325.0
2023-10-31,1295.0
2023-11-01,1700.0
2023-11-02,1125.0
2023-11-03,1212.5
2023-11-06,1012.5
2023-11-07,932.4999999999999
2023-11-08,890.0
2023-11-09,947.5
2023-11-10,990.0
2023-11-13,997.5
2023-11-14,1100.0
2023-11-15,1075.0
2023-11-16,910.0
2023-11-17,955.0000000000001
2023-11-20,782.5
2023-11-21,775.0
2023-11-22,792.5
2023-11-24,562.5
2023-11-27,715.0
2023-11-28,730.0
2023-11-29,795.0
2023-11-30,935.0
2023-12-01,1102.5
2023-12-04,894.9999999999999
2023-12-05,944.9999999999999
2023-12-06,805.0000000000001
2023-12-07,822.5
2023-12-08,1120.0
2023-12-11,2602.5
2023-12-12,2032.5
2023-12-13,2610.0
2023-12-14,2930.0
2023-12-15,1060.0
2023-12-18,747.5
2023-12-19,737.5
2023-12-20,795.0
2023-12-21,1027.5
2023-12-22,1047.5
2023-12-26,815.0
2023-12-27,740.0
2023-12-28,775.0
2023-12-29,910.0
2024-01-02,1055.0
2024-01-03,1062.5
2024-01-04,932.4999999999999
2024-01-05,1019.9999999999999
2024-01-08,832.4999999999999
2024-01-09,897.5
2024-01-10,812.5
2024-01-11,1037.5
2024-01-12,990.0
2024-01-16,950.0
2024-01-17,1027.5
2024-01-18,950.0
2024-01-19,1077.5
2024-01-22,837.5
2024-01-23,882.4999999999999
2024-01-24,830.0000000000001
2024-01-25,955.0000000000001
2024-01-26,1097.5
2024-01-29,802.5
2024-01-30,910.0
2024-01-31,1437.5
2024-02-01,1207.5
2024-02-02,1275.0
2024-02-05,1017.5000000000001
2024-02-06,872.5
2024-02-07,902.5
2024-02-08,935.0
2024-02-09,975.0
2024-02-12,780.0
2024-02-13,1250.0
2024-02-14,980.0000000000001
2024-02-15,1000.0
2024-02-16,1237.5
2024-02-20,985.0
2024-02-21,1112.5
2024-02-22,1227.5
2024-02-23,967.5000000000001
2024-02-26,897.5000000000001
2024-02-27,885.0
2024-02-28,887.5
2024-02-29,1200.0
2024-03-01,950.0
2024-03-04,760.0
2024-03-05,890.0
2024-03-06,1187.5
2024-03-07,1102.5
2024-03-08,1115.0
2024-03-11,2975.0
2024-03-12,3312.5
2024-03-13,3015.0
2024-03-14,3227.5
2024-03-15,1400.0
2024-03-18,962.5
2024-03-19,1165.0
2024-03-20,1912.5
2024-03-21,910.0
2024-03-22,915.0
2024-03-25,777.5
2024-03-26,767.5000000000001
2024-03-27,640.0
2024-03-28,882.4999999999999
2024-04-01,765.0
2024-04-02,1070.0
2024-04-03,1012.5
2024-04-04,815.0
2024-04-05,1725.0
2024-04-08,1087.5
2024-04-09,897.5000000000001
2024-04-10,1787.5
2024-04-11,1475.0
2024-04-12,1587.5
2024-04-15,1337.5
2024-04-16,1875.0
2024-04-17,1587.5
2024-04-18,1437.5
2024-04-19,1775.0
2024-04-22,1325.0
2024-04-23,1175.0
2024-04-24,1112.5
2024-04-25,1387.5
2024-04-26,1437.5
2024-04-29,910.0
2024-04-30,969.9999999999999
2024-05-01,2100.0
2024-05-02,1300.0
2024-05-03,1475.0
2024-05-06,925.0
2024-05-07,855.0000000000001
2024-05-08,975.0
2024-05-09,885.0
2024-05-10,862.5
2024-05-13,770.0
2024-05-14,1055.0
2024-05-15,1112.5
2024-05-16,842.5000000000001
2024-05-17,872.5000000000001
2024-05-20,710.0
2024-05-21,730.0
2024-05-22,735.0
2024-05-23,1012.5
2024-05-24,907.4999999999999
2024-05-28,750.0
2024-05-29,1057.5
2024-05-30,969.9999999999999
2024-05-31,1212.5
2024-06-03,937.5
2024-06-04,1200.0
2024-06-05,1065.0
2024-06-06,927.5
2024-06-07,1272.5
2024-06-10,1000.0
2024-06-11,935.0
2024-06-12,1812.5
2024-06-13,1040.0
2024-06-14,1055.0
2024-06-17,3252.5
2024-06-18,3515.0
2024-06-20,2565.0
2024-06-21,1362.5
2024-06-24,972.5
2024-06-25,907.4999999999999
2024-06-26,990.0
2024-06-27,894.9999999999999
2024-06-28,1187.5
2024-07-01,990.0
2024-07-02,990.0
2024-07-03,662.5
2024-07-05,900.0
2024-07-08,712.5
2024-07-09,922.5000000000001
2024-07-10,800.0
2024-07-11,1162.5
2024-07-12,1090.0
2024-07-15,1150.0
2024-07-16,1077.5
2024-07-17,1362.5
2024-07-18,1325.0
2024-07-19,1687.5
2024-07-22,1350.0
2024-07-23,1187.5
2024-07-24,1337.5
2024-07-25,1687.5
2024-07-26,1837.5
2024-07-29,1537.5
2024-07-30,1425.0
2024-07-31,2150.0
2024-08-01,1662.5
2024-08-02,2612.5
2024-08-05,5200.0
2024-08-06,3100.0
2024-08-07,2225.0
2024-08-08,2612.5
2024-08-12,1600.0
2024-08-13,1662.5
2024-08-14,1675.0
2024-08-15,1300.0
2024-08-16,1487.5
2024-08-19,1137.5
2024-08-20,1037.5
2024-08-21,1362.5
2024-08-22,1187.5
2024-08-23,2137.5
2024-08-26,1115.0
2024-08-27,1262.5
2024-08-28,1090.0
2024-08-29,1625.0
2024-08-30,1387.5
2024-09-03,1337.5
2024-09-04,1787.5
2024-09-05,1800.0
2024-09-06,1987.5
2024-09-09,1800.0
2024-09-10,1462.5
2024-09-11,1812.5
2024-09-12,1650.0
2024-09-13,1562.5
2024-09-16,3125.0
2024-09-17,2382.5
2024-09-18,3435.0
2024-09-19,2315.0
2024-09-20,1612.5
2024-09-23,1312.5
2024-09-24,1077.5
2024-09-25,944.9999999999999
2024-09-26,1092.5
2024-09-27,1047.5
2024-09-30,1425.0
2024-10-01,1412.5
2024-10-02,1625.0
2024-10-03,1612.5
2024-10-04,1662.5
2024-10-07,1362.5
2024-10-08,1375.0
2024-10-09,1225.0
2024-10-10,1525.0
2024-10-11,1200.0
2024-10-14,1019.9999999999999
2024-10-15,1005.0000000000001
2024-10-16,1150.0
2024-10-17,1097.5
2024-10-18,1180.0
2024-10-21,922.5000000000001
2024-10-22,1195.0
2024-10-23,1070.0
2024-10-24,1262.5
2024-10-25,1090.0
2024-10-28,1252.5
2024-10-29,1125.0
2024-10-30,1192.5
2024-10-31,1512.5
2024-11-01,1562.5
2024-11-04,1462.5
2024-11-05,1400.0
2024-11-06,2012.5
2024-11-07,1750.0
2024-11-08,1040.0
2024-11-11,1015.0
2024-11-12,1025.0
2024-11-13,1187.5
2024-11-14,1105.0
2024-11-15,1262.5
2024-11-18,1262.5
2024-11-19,1550.0
2024-11-20,1325.0
2024-11-21,1587.5
2024-11-22,1437.5
2024-11-25,1045.0
2024-11-26,1112.5
2024-11-27,1022.5
2024-11-29,802.5
2024-12-02,887.5
2024-12-03,957.4999999999999
2024-12-04,957.4999999999999
2024-12-05,780.0
2024-12-06,965.0
2024-12-09,817.5000000000001
2024-12-10,850.0
2024-12-11,912.5
2024-12-12,747.5
2024-12-13,835.0
2024-12-18,3752.5
2024-12-20,2287.5
2024-12-24,932.4999999999999
2024-12-26,1132.5
2024-12-27,1212.5
2024-12-30,1837.5
2024-12-31,2025.0
2025-01-02,1738.75
2025-01-03,1537.5
2025-01-06,1492.5
2025-01-07,2246.25
2025-01-08,1781.25
2025-01-10,2130.0
2025-01-13,1625.0
2025-01-14,1550.0
2025-01-15,1912.5
2025-01-16,1413.75
2025-01-17,1175.0
2025-01-21,1107.5
2025-01-22,1118.75
2025-01-23,830.0000000000001
2025-01-24,832.4999999999999
2025-01-27,1638.75
2025-01-28,1580.0
2025-01-29,1637.5
2025-01-30,1437.5
2025-01-31,1425.0
2025-02-05,1225.0
2025-02-06,1085.0
2025-02-07,1577.5
2025-02-10,1235.0
2025-02-11,1185.0
2025-02-12,1889.9999999999998
2025-02-13,1310.0
2025-02-14,1045.0
2025-02-18,1060.0
2025-02-19,813.7499999999999
2025-02-20,1498.75
2025-02-21,1845.0
2025-02-24,2188.75
2025-02-25,3202.5
2025-02-26,1918.75
2025-02-28,2412.5
2025-03-03,2920.0
2025-03-04,5202.5
2025-03-05,3865.0
2025-03-06,2750.0
2025-03-07,3437.5
2025-03-10,4460.0
2025-03-11,4495.0
2025-03-12,4310.0
2025-03-13,3087.5
2025-03-14,3242.4999999999995
2025-03-17,2877.5
2025-03-18,3982.5000000000005
2025-03-19,2655.0
2025-03-20,1812.5
2025-03-21,1912.5
2025-03-24,1882.5
2025-03-25,1037.5
2025-03-26,1360.0
2025-03-27,1937.5
2025-03-28,3157.5
2025-03-31,2775.0
2025-04-01,2012.5
2025-04-02,3265.0
2025-04-04,5131.25
2025-04-09,6387.5
2025-04-10,4950.0
2025-04-11,5612.5
2025-04-14,2937.5
2025-04-15,2400.0
2025-04-16,2437.5
2025-04-17,2793.75
2025-04-21,3529.9999999999995
2025-04-22,2810.0
2025-04-23,3337.5
2025-04-24,3790.0
2025-04-25,2437.5
2025-04-28,1812.5
2025-04-29,1950.0
2025-04-30,3000.0
2025-05-01,2006.25
2025-05-02,1825.0
2025-05-05,1512.5
2025-05-06,1870.0
2025-05-07,2400.0
2025-05-08,2100.0
2025-05-09,1917.5
2025-05-12,2017.5
2025-05-13,2265.0
2025-05-14,1377.5
2025-05-15,1225.0
2025-05-16,1175.0
2025-05-19,2030.0
2025-05-20,1192.5
2025-05-21,1342.5
2025-05-22,1687.5
2025-05-23,1987.5
2025-05-27,1277.5
2025-05-28,1245.0
2025-05-29,1950.0
2025-05-30,1987.5
2025-06-02,1312.5
2025-06-03,1130.0
2025-06-04,1115.0
2025-06-05,1565.0
2025-06-06,1312.5
2025-06-09,1019.9999999999999
2025-06-10,1052.5
2025-06-11,1152.5
2025-06-12,1618.75
2025-06-13,1787.5
